DROP TABLE info_pelicula;
DROP TABLE detalle_pelicula;

DROP TABLE HEROE_VILLANO;
DROP TABLE VILLANO_PODER;
DROP TABLE heroe_poder;

DROP TABLE poder;
DROP TABLE origen;

DROP TABLE elenco_heroes;
DROP TABLE elenco_villanos;
DROP TABLE pelicula;
DROP TABLE SUPERHEROE;
DROP TABLE VILLANO;
DROP TABLE UNIVERSO;
--------------------------------------------------------
--  DDL for Table UNIVERSO
--------------------------------------------------------

  CREATE TABLE UNIVERSO
   (	COD_UNIVERSO NUMBER(3,0), 
	NOMB_UNIVERSO VARCHAR2(35 BYTE)
   ) SEGMENT CREATION IMMEDIATE 
  PCTFREE 10 PCTUSED 40 INITRANS 1 MAXTRANS 255 NOCOMPRESS LOGGING
  STORAGE(INITIAL 65536 NEXT 1048576 MINEXTENTS 1 MAXEXTENTS 2147483645
  PCTINCREASE 0 FREELISTS 1 FREELIST GROUPS 1 BUFFER_POOL DEFAULT FLASH_CACHE DEFAULT CELL_FLASH_CACHE DEFAULT)
  TABLESPACE "USERS" ;
--------------------------------------------------------
--  DDL for Table HEROE_VILLANO
--------------------------------------------------------

  CREATE TABLE HEROE_VILLANO 
   (	ESNEMESIS VARCHAR2(3 BYTE), 
	COD_HEROE NUMBER(3,0), 
	COD_VILLANO NUMBER(3,0)
   ) SEGMENT CREATION IMMEDIATE 
  PCTFREE 10 PCTUSED 40 INITRANS 1 MAXTRANS 255 NOCOMPRESS LOGGING
  STORAGE(INITIAL 65536 NEXT 1048576 MINEXTENTS 1 MAXEXTENTS 2147483645
  PCTINCREASE 0 FREELISTS 1 FREELIST GROUPS 1 BUFFER_POOL DEFAULT FLASH_CACHE DEFAULT CELL_FLASH_CACHE DEFAULT)
  TABLESPACE "USERS" ;
--------------------------------------------------------
--  DDL for Table ORIGEN
--------------------------------------------------------

  CREATE TABLE origen 
   (	COD_ORIGEN NUMBER(3,0), 
NOMB_ORIGEN VARCHAR2(30 BYTE)
   ) SEGMENT CREATION IMMEDIATE 
  PCTFREE 10 PCTUSED 40 INITRANS 1 MAXTRANS 255 NOCOMPRESS LOGGING
  STORAGE(INITIAL 65536 NEXT 1048576 MINEXTENTS 1 MAXEXTENTS 2147483645
  PCTINCREASE 0 FREELISTS 1 FREELIST GROUPS 1 BUFFER_POOL DEFAULT FLASH_CACHE DEFAULT CELL_FLASH_CACHE DEFAULT)
  TABLESPACE "USERS" ;

CREATE TABLE heroe_poder
(
  cod_origen NUMBER NOT NULL,
  cod_poder NUMBER NOT NULL,
  cod_heroe NUMBER NOT NULL,
  CONSTRAINT pk_heroe_poder PRIMARY KEY(cod_origen, cod_poder, cod_heroe)
);
--------------------------------------------------------
--  DDL for Table PODER
--------------------------------------------------------

  CREATE TABLE PODER
   (	COD_PODER NUMBER(3,0), 
	NOMB_PODER VARCHAR2(35 BYTE),
	puntaje NUMBER NOT NULL
   ) SEGMENT CREATION IMMEDIATE 
  PCTFREE 10 PCTUSED 40 INITRANS 1 MAXTRANS 255 NOCOMPRESS LOGGING
  STORAGE(INITIAL 65536 NEXT 1048576 MINEXTENTS 1 MAXEXTENTS 2147483645
  PCTINCREASE 0 FREELISTS 1 FREELIST GROUPS 1 BUFFER_POOL DEFAULT FLASH_CACHE DEFAULT CELL_FLASH_CACHE DEFAULT)
  TABLESPACE "USERS" ;
--------------------------------------------------------
--  DDL for Table SUPERHEROE
--------------------------------------------------------

  CREATE TABLE SUPERHEROE
   (	COD_HEROE NUMBER(3,0), 
	NOMB_HEROE VARCHAR2(30 BYTE), 
	NOMB_REAL VARCHAR2(35 BYTE), 
	FECHA_APARICION DATE, 
	COD_UNIVERSO NUMBER(3,0)
   ) SEGMENT CREATION IMMEDIATE 
  PCTFREE 10 PCTUSED 40 INITRANS 1 MAXTRANS 255 NOCOMPRESS LOGGING
  STORAGE(INITIAL 65536 NEXT 1048576 MINEXTENTS 1 MAXEXTENTS 2147483645
  PCTINCREASE 0 FREELISTS 1 FREELIST GROUPS 1 BUFFER_POOL DEFAULT FLASH_CACHE DEFAULT CELL_FLASH_CACHE DEFAULT)
  TABLESPACE "USERS" ;
--------------------------------------------------------
--  DDL for Table VILLANO
--------------------------------------------------------

  CREATE TABLE VILLANO 
   (	COD_VILLANO NUMBER(3,0), 
	NOMB_VILLANO VARCHAR2(35 BYTE), 
	COD_UNIVERSO NUMBER(3,0),
	nivel_maldad NUMBER NOT NULL
   ) SEGMENT CREATION IMMEDIATE 
  PCTFREE 10 PCTUSED 40 INITRANS 1 MAXTRANS 255 NOCOMPRESS LOGGING
  STORAGE(INITIAL 65536 NEXT 1048576 MINEXTENTS 1 MAXEXTENTS 2147483645
  PCTINCREASE 0 FREELISTS 1 FREELIST GROUPS 1 BUFFER_POOL DEFAULT FLASH_CACHE DEFAULT CELL_FLASH_CACHE DEFAULT)
  TABLESPACE "USERS" ;
--------------------------------------------------------
--  DDL for Table VILLANO_PODER
--------------------------------------------------------

  CREATE TABLE VILLANO_PODER
   (	COD_VILLANO NUMBER(3,0), 
	COD_PODER NUMBER(3,0)
   ) SEGMENT CREATION IMMEDIATE 
  PCTFREE 10 PCTUSED 40 INITRANS 1 MAXTRANS 255 NOCOMPRESS LOGGING
  STORAGE(INITIAL 65536 NEXT 1048576 MINEXTENTS 1 MAXEXTENTS 2147483645
  PCTINCREASE 0 FREELISTS 1 FREELIST GROUPS 1 BUFFER_POOL DEFAULT FLASH_CACHE DEFAULT CELL_FLASH_CACHE DEFAULT)
  TABLESPACE "USERS" ;
  
-- Tabla de peliculas
CREATE TABLE pelicula
(
	id_pelicula NUMBER PRIMARY KEY,
	nombre_pelicula VARCHAR2(50) NOT NULL,
	year_aparicion NUMBER NOT NULL,
	cod_universo NUMBER NOT NULL
	
);

CREATE TABLE elenco_villanos(
	id_pelicula NUMBER NOT NULL,
	cod_villano NUMBER NOT NULL,
	CONSTRAINT elenco_villano_pk PRIMARY KEY(id_pelicula, cod_villano)
);

CREATE TABLE elenco_heroes(
	id_pelicula NUMBER NOT NULL,
	cod_heroe NUMBER NOT NULL,
	CONSTRAINT elenco_heroe_pk PRIMARY KEY(id_pelicula, cod_heroe)
);

-- Tabla de errores
DROP TABLE error_proceso;
CREATE TABLE error_proceso
(
  id_error NUMBER PRIMARY KEY,
  fecha_error DATE NOT NULL,
  tipo_error VARCHAR2(15) NOT NULL,
  descripcion VARCHAR2(500) NOT NULL
);

DROP SEQUENCE seq_error;
CREATE SEQUENCE seq_error;

-- Tablas extra
DROP TABLE info_pelicula;
CREATE TABLE info_pelicula
(
    id_pelicula NUMBER PRIMARY KEY,
    nombre VARCHAR2(100) NOT NULL,
    anio_aparicion NUMBER NOT NULL,
    antiguedad NUMBER NOT NULL,
    puntaje_total_heroes NUMBER NOT NULL,
    total_heroes_elenco NUMBER NOT NULL,
    CONSTRAINT info_pelicula_FK FOREIGN KEY(id_pelicula) REFERENCES pelicula(id_pelicula)
);

DROP TABLE detalle_pelicula;
CREATE TABLE detalle_pelicula
(
    id_pelicula NUMBER NOT NULL,
    id_heroe NUMBER NOT NULL,
    nombre VARCHAR2(100) NOT NULL,
    antiguedad NUMBER NOT NULL,
    clasificacion VARCHAR2(100) NOT NULL,
    total_puntaje NUMBER NOT NULL,
    CONSTRAINT detalle_PK PRIMARY KEY(id_pelicula, id_heroe),
    CONSTRAINT detalle_FK_A FOREIGN KEY(id_pelicula) REFERENCES pelicula(id_pelicula) 
);

DROP TABLE clasificacion;
CREATE TABLE clasificacion
(
  rango_id NUMBER PRIMARY KEY,
  valor_minimo NUMBER NOT NULL,
  valor_maximo NUMBER NOT NULL,
  clasificacion VARCHAR2(15) NOT NULL
);

INSERT INTO clasificacion VALUES(1, 1, 5, 'RECIENTE');
INSERT INTO clasificacion VALUES(2, 2, 10, 'ANTIGUO');
INSERT INTO clasificacion VALUES(3, 11, 60, 'ICONICO');



REM INSERTING into UNIVERSO
SET DEFINE OFF;
INSERT INTO  UNIVERSO (COD_UNIVERSO,NOMB_UNIVERSO) VALUES ('10','Marvel');
INSERT INTO  UNIVERSO (COD_UNIVERSO,NOMB_UNIVERSO) VALUES ('20','DC');
REM INSERTING into HEROE_VILLANO
SET DEFINE OFF;
INSERT INTO  HEROE_VILLANO (ESNEMESIS,COD_HEROE,COD_VILLANO) VALUES ('Si','20','30');
INSERT INTO  HEROE_VILLANO (ESNEMESIS,COD_HEROE,COD_VILLANO) VALUES ('No','20','42');
INSERT INTO  HEROE_VILLANO (ESNEMESIS,COD_HEROE,COD_VILLANO) VALUES ('Si','40','78');
INSERT INTO  HEROE_VILLANO (ESNEMESIS,COD_HEROE,COD_VILLANO) VALUES ('No','40','90');
INSERT INTO  HEROE_VILLANO (ESNEMESIS,COD_HEROE,COD_VILLANO) VALUES ('Si','50','102');
INSERT INTO  HEROE_VILLANO (ESNEMESIS,COD_HEROE,COD_VILLANO) VALUES ('No','50','114');
INSERT INTO  HEROE_VILLANO (ESNEMESIS,COD_HEROE,COD_VILLANO) VALUES ('No','60','114');
INSERT INTO  HEROE_VILLANO (ESNEMESIS,COD_HEROE,COD_VILLANO) VALUES ('Si','60','126');
REM INSERTING into ORIGEN
SET DEFINE OFF;

DROP SEQUENCE seq_origen;
CREATE SEQUENCE seq_origen;

INSERT INTO  ORIGEN (COD_ORIGEN,NOMB_ORIGEN) VALUES (seq_origen.NEXTVAL,'Nacimiento');
INSERT INTO  ORIGEN (COD_ORIGEN,NOMB_ORIGEN) VALUES (seq_origen.NEXTVAL,'Ciencia');
INSERT INTO  ORIGEN (COD_ORIGEN,NOMB_ORIGEN) VALUES (seq_origen.NEXTVAL,'Tecnologia');

REM INSERTING into PODER
SET DEFINE OFF;
INSERT INTO  PODER (COD_PODER,NOMB_PODER, puntaje) VALUES ('2','Volar', 2);
INSERT INTO  PODER (COD_PODER,NOMB_PODER, puntaje) VALUES ('11','Vision laser', 3);
INSERT INTO  PODER (COD_PODER,NOMB_PODER, puntaje) VALUES ('20','Super fuerza', 5);
INSERT INTO  PODER (COD_PODER,NOMB_PODER, puntaje) VALUES ('29','Super velocidad', 5);
INSERT INTO  PODER (COD_PODER,NOMB_PODER, puntaje) VALUES ('38','Elasticidad', 3);
INSERT INTO  PODER (COD_PODER,NOMB_PODER, puntaje) VALUES ('47','Invulnerable', 3);
INSERT INTO  PODER (COD_PODER,NOMB_PODER, puntaje) VALUES ('56','Super salto', 4);
INSERT INTO  PODER (COD_PODER,NOMB_PODER, puntaje) VALUES ('65','Invisibilidad', 3);
INSERT INTO  PODER (COD_PODER,NOMB_PODER, puntaje) VALUES ('75','Disparar con los ojos', 4);
INSERT INTO  PODER (COD_PODER,NOMB_PODER, puntaje) VALUES ('77','Resistencia', 5);
INSERT INTO  PODER (COD_PODER,NOMB_PODER, puntaje) VALUES ('78','Velocidad sobrehumana', 5);
INSERT INTO  PODER (COD_PODER,NOMB_PODER, puntaje) VALUES ('88','Reflejos sobrehumanos', 5);
INSERT INTO  PODER (COD_PODER,NOMB_PODER, puntaje) VALUES ('89','Grado de invulnerabilidad', 5);
 

REM INSERTING into SUPERHEROE
SET DEFINE OFF;
DROP SEQUENCE seq_heroe;
CREATE SEQUENCE seq_heroe 
START WITH 20
INCREMENT BY 10;

INSERT INTO  SUPERHEROE (COD_HEROE,NOMB_HEROE,NOMB_REAL,"FECHA_APARICION",COD_UNIVERSO) 
VALUES (seq_heroe.NEXTVAL,'Super Man','Clark Kent',to_date('20/02/1938','DD/MM/YYYY'),'20');
INSERT INTO  SUPERHEROE (COD_HEROE,NOMB_HEROE,NOMB_REAL,"FECHA_APARICION",COD_UNIVERSO) 
VALUES (seq_heroe.NEXTVAL,'Batman','Bruce Wayne',to_date('08/12/1939','DD/MM/YYYY'),'20');
INSERT INTO  SUPERHEROE (COD_HEROE,NOMB_HEROE,NOMB_REAL,"FECHA_APARICION",COD_UNIVERSO) 
VALUES (seq_heroe.NEXTVAL,'Flash','Barry Allen',to_date('15/09/1940','DD/MM/YYYY'),'20');
INSERT INTO  SUPERHEROE (COD_HEROE,NOMB_HEROE,NOMB_REAL,"FECHA_APARICION",COD_UNIVERSO) 
VALUES (seq_heroe.NEXTVAL,'Iron man','Tony Stark',to_date('29/06/1963','DD/MM/YYYY'),'10');
INSERT INTO  SUPERHEROE (COD_HEROE,NOMB_HEROE,NOMB_REAL,"FECHA_APARICION",COD_UNIVERSO) 
VALUES (seq_heroe.NEXTVAL,'Hulk','Bruce Banner',to_date('15/11/1962','DD/MM/YYYY'),'10');
INSERT INTO  SUPERHEROE (COD_HEROE,NOMB_HEROE,NOMB_REAL,"FECHA_APARICION",COD_UNIVERSO) 
VALUES (seq_heroe.NEXTVAL,'Thor',null,to_date('01/06/1962','DD/MM/YYYY'),'10');
INSERT INTO  SUPERHEROE (COD_HEROE,NOMB_HEROE,NOMB_REAL,"FECHA_APARICION",COD_UNIVERSO) 
VALUES (seq_heroe.NEXTVAL,'Profesor Xavier',null,to_date('01/06/1972','DD/MM/YYYY'),'10');
INSERT INTO  SUPERHEROE (COD_HEROE,NOMB_HEROE,NOMB_REAL,"FECHA_APARICION",COD_UNIVERSO) 
VALUES (seq_heroe.NEXTVAL,'Elektra',null,to_date('20/03/1982','DD/MM/YYYY'),'10');
INSERT INTO  SUPERHEROE (COD_HEROE,NOMB_HEROE,NOMB_REAL,"FECHA_APARICION",COD_UNIVERSO) 
VALUES (seq_heroe.NEXTVAL,'Ciclope',null,to_date('20/06/1962','DD/MM/YYYY'),'10');

INSERT INTO  SUPERHEROE (COD_HEROE,NOMB_HEROE,NOMB_REAL,"FECHA_APARICION",COD_UNIVERSO) 
VALUES (seq_heroe.NEXTVAL,'Aquaman','Arthur Curry',to_date('22/06/1963','DD/MM/YYYY'),'20');

INSERT INTO  SUPERHEROE (COD_HEROE,NOMB_HEROE,NOMB_REAL,"FECHA_APARICION",COD_UNIVERSO) 
VALUES (seq_heroe.NEXTVAL,'Wonder Woman','Diana Prince',to_date('22/06/1963','DD/MM/YYYY'),'20');

INSERT INTO  SUPERHEROE (COD_HEROE,NOMB_HEROE,NOMB_REAL,"FECHA_APARICION",COD_UNIVERSO) 
VALUES (seq_heroe.NEXTVAL,'Cyborg','Victor Stone',to_date('22/06/2015','DD/MM/YYYY'),'20');

INSERT INTO  heroe_poder (COD_ORIGEN,COD_HEROE,COD_PODER) VALUES ('1','20','2');
INSERT INTO  heroe_poder (COD_ORIGEN,COD_HEROE,COD_PODER) VALUES ('1','20','11');
INSERT INTO  heroe_poder (COD_ORIGEN,COD_HEROE,COD_PODER) VALUES ('1','20','20');
INSERT INTO  heroe_poder (COD_ORIGEN,COD_HEROE,COD_PODER) VALUES ('1','20','29');
INSERT INTO  heroe_poder (COD_ORIGEN,COD_HEROE,COD_PODER) VALUES ('1','20','47');
INSERT INTO  heroe_poder (COD_ORIGEN,COD_HEROE,COD_PODER) VALUES ('1','40','29');
INSERT INTO  heroe_poder (COD_ORIGEN,COD_HEROE,COD_PODER) VALUES ('3','40','20');
INSERT INTO  heroe_poder (COD_ORIGEN,COD_HEROE,COD_PODER) VALUES ('3','50','2');
INSERT INTO  heroe_poder (COD_ORIGEN,COD_HEROE,COD_PODER) VALUES ('3','50','11');
INSERT INTO  heroe_poder (COD_ORIGEN,COD_HEROE,COD_PODER) VALUES ('3','50','20');
INSERT INTO  heroe_poder (COD_ORIGEN,COD_HEROE,COD_PODER) VALUES ('2','60','20');
INSERT INTO  heroe_poder (COD_ORIGEN,COD_HEROE,COD_PODER) VALUES ('2','60','56');
INSERT INTO  heroe_poder (COD_ORIGEN,COD_HEROE,COD_PODER) VALUES ('1','100','75');


REM INSERTING into VILLANO
SET DEFINE OFF;
INSERT INTO  VILLANO (COD_VILLANO,NOMB_VILLANO,COD_UNIVERSO, nivel_maldad) VALUES ('30','Lex Luthor','20', 7);
INSERT INTO  VILLANO (COD_VILLANO,NOMB_VILLANO,COD_UNIVERSO, nivel_maldad) VALUES ('42','General Zod','20', 8);
INSERT INTO  VILLANO (COD_VILLANO,NOMB_VILLANO,COD_UNIVERSO, nivel_maldad) VALUES ('78','Flash Reverso','20', 6);
INSERT INTO  VILLANO (COD_VILLANO,NOMB_VILLANO,COD_UNIVERSO, nivel_maldad) VALUES ('90','Capitan Frio','20', 4);
INSERT INTO  VILLANO (COD_VILLANO,NOMB_VILLANO,COD_UNIVERSO, nivel_maldad) VALUES ('102','El Mandarin','10', 5);
INSERT INTO  VILLANO (COD_VILLANO,NOMB_VILLANO,COD_UNIVERSO, nivel_maldad) VALUES ('114','Thanos','10', 10);
INSERT INTO  VILLANO (COD_VILLANO,NOMB_VILLANO,COD_UNIVERSO, nivel_maldad) VALUES ('126','Abominacion','10', 3);
INSERT INTO  VILLANO (COD_VILLANO,NOMB_VILLANO,COD_UNIVERSO, nivel_maldad) VALUES ('111','Joker','20', 8);
INSERT INTO  VILLANO (COD_VILLANO,NOMB_VILLANO,COD_UNIVERSO, nivel_maldad) VALUES ('112','Steppenwolf','20', 10);
INSERT INTO  VILLANO (COD_VILLANO,NOMB_VILLANO,COD_UNIVERSO, nivel_maldad) VALUES ('115','Ultron','10', 10);

REM INSERTING into VILLANO_PODER
SET DEFINE OFF;
INSERT INTO  VILLANO_PODER (COD_VILLANO,COD_PODER) VALUES ('42','20');
INSERT INTO  VILLANO_PODER (COD_VILLANO,COD_PODER) VALUES ('42','29');
INSERT INTO  VILLANO_PODER (COD_VILLANO,COD_PODER) VALUES ('78','29');
INSERT INTO  VILLANO_PODER (COD_VILLANO,COD_PODER) VALUES ('114','2');
INSERT INTO  VILLANO_PODER (COD_VILLANO,COD_PODER) VALUES ('126','20');

INSERT INTO  VILLANO_PODER (COD_VILLANO,COD_PODER) VALUES ('112','77');
INSERT INTO  VILLANO_PODER (COD_VILLANO,COD_PODER) VALUES ('112','78');
INSERT INTO  VILLANO_PODER (COD_VILLANO,COD_PODER) VALUES ('112','88');
INSERT INTO  VILLANO_PODER (COD_VILLANO,COD_PODER) VALUES ('112','89');

DROP SEQUENCE seq_pelicula;
CREATE SEQUENCE seq_pelicula;

INSERT INTO pelicula VALUES(seq_pelicula.NEXTVAL, 'Wonder Woman 1984', 2020, 20);
INSERT INTO pelicula VALUES(seq_pelicula.NEXTVAL, 'Liga de la justicia de Zack Snyder', 2021, 20);
INSERT INTO pelicula VALUES(seq_pelicula.NEXTVAL, 'Batman y supoerman: el amanecer de la justicia', 2016, 20);
INSERT INTO pelicula VALUES(seq_pelicula.NEXTVAL, 'Aquaman', 2018, 20);

INSERT INTO pelicula VALUES(seq_pelicula.NEXTVAL, 'Vengadores: la era de ultron', 2015, 10);
INSERT INTO pelicula VALUES(seq_pelicula.NEXTVAL, 'Vengadores: endgame', 2019, 10);
INSERT INTO pelicula VALUES(seq_pelicula.NEXTVAL, 'Thor: ragnarok', 2017, 10);

INSERT INTO elenco_heroes VALUES(1, 120);
INSERT INTO elenco_heroes VALUES(2, 120);
INSERT INTO elenco_heroes VALUES(2, 110);
INSERT INTO elenco_heroes VALUES(2, 20);
INSERT INTO elenco_heroes VALUES(2, 40);
INSERT INTO elenco_heroes VALUES(2, 130);

INSERT INTO elenco_heroes VALUES(3, 110);

INSERT INTO elenco_heroes VALUES(5, 50);

INSERT INTO elenco_heroes VALUES(6, 110);
INSERT INTO elenco_heroes VALUES(6, 50);
INSERT INTO elenco_heroes VALUES(6, 70);
INSERT INTO elenco_heroes VALUES(6, 60);

INSERT INTO elenco_heroes VALUES(7, 70);

INSERT INTO elenco_villanos VALUES(2, 112);
INSERT INTO elenco_villanos VALUES(3, 112);

INSERT INTO elenco_villanos VALUES(6, 114);


--------------------------------------------------------
--  Constraints for Table VILLANO
--------------------------------------------------------

  ALTER TABLE VILLANO ADD CONSTRAINT VILLANO_PK PRIMARY KEY (COD_VILLANO)
  USING INDEX PCTFREE 10 INITRANS 2 MAXTRANS 255 COMPUTE STATISTICS 
  STORAGE(INITIAL 65536 NEXT 1048576 MINEXTENTS 1 MAXEXTENTS 2147483645
  PCTINCREASE 0 FREELISTS 1 FREELIST GROUPS 1 BUFFER_POOL DEFAULT FLASH_CACHE DEFAULT CELL_FLASH_CACHE DEFAULT)
  TABLESPACE "USERS"  ENABLE;
  ALTER TABLE VILLANO MODIFY (COD_UNIVERSO NOT NULL ENABLE);
  ALTER TABLE VILLANO MODIFY (NOMB_VILLANO NOT NULL ENABLE);
  ALTER TABLE VILLANO MODIFY (COD_VILLANO NOT NULL ENABLE);
--------------------------------------------------------
--  Constraints for Table PODER
--------------------------------------------------------

  ALTER TABLE PODER ADD CONSTRAINT PODER_PK PRIMARY KEY (COD_PODER)
  USING INDEX PCTFREE 10 INITRANS 2 MAXTRANS 255 COMPUTE STATISTICS 
  STORAGE(INITIAL 65536 NEXT 1048576 MINEXTENTS 1 MAXEXTENTS 2147483645
  PCTINCREASE 0 FREELISTS 1 FREELIST GROUPS 1 BUFFER_POOL DEFAULT FLASH_CACHE DEFAULT CELL_FLASH_CACHE DEFAULT)
  TABLESPACE "USERS"  ENABLE;
  ALTER TABLE PODER MODIFY (NOMB_PODER NOT NULL ENABLE);
  ALTER TABLE PODER MODIFY (COD_PODER NOT NULL ENABLE);
--------------------------------------------------------
--  Constraints for Table ORIGEN
--------------------------------------------------------

  ALTER TABLE ORIGEN ADD CONSTRAINT ORIGEN_PK PRIMARY KEY (COD_ORIGEN)
  USING INDEX PCTFREE 10 INITRANS 2 MAXTRANS 255 COMPUTE STATISTICS 
  STORAGE(INITIAL 65536 NEXT 1048576 MINEXTENTS 1 MAXEXTENTS 2147483645
  PCTINCREASE 0 FREELISTS 1 FREELIST GROUPS 1 BUFFER_POOL DEFAULT FLASH_CACHE DEFAULT CELL_FLASH_CACHE DEFAULT)
  TABLESPACE "USERS"  ENABLE;
  --ALTER TABLE "ORIGEN" MODIFY ("COD_PODER" NOT NULL ENABLE);
  --ALTER TABLE "ORIGEN" MODIFY ("COD_HEROE" NOT NULL ENABLE);
  ALTER TABLE ORIGEN MODIFY (NOMB_ORIGEN NOT NULL ENABLE);
  ALTER TABLE ORIGEN MODIFY (COD_ORIGEN NOT NULL ENABLE);
--------------------------------------------------------
--  Constraints for Table SUPERHEROE
--------------------------------------------------------

  ALTER TABLE SUPERHEROE ADD CONSTRAINT SUPERHEROE_PK PRIMARY KEY (COD_HEROE)
  USING INDEX PCTFREE 10 INITRANS 2 MAXTRANS 255 COMPUTE STATISTICS 
  STORAGE(INITIAL 65536 NEXT 1048576 MINEXTENTS 1 MAXEXTENTS 2147483645
  PCTINCREASE 0 FREELISTS 1 FREELIST GROUPS 1 BUFFER_POOL DEFAULT FLASH_CACHE DEFAULT CELL_FLASH_CACHE DEFAULT)
  TABLESPACE "USERS"  ENABLE;
  ALTER TABLE SUPERHEROE MODIFY (COD_UNIVERSO NOT NULL ENABLE);
  ALTER TABLE SUPERHEROE MODIFY (FECHA_APARICION NOT NULL ENABLE);
  ALTER TABLE SUPERHEROE MODIFY (NOMB_HEROE NOT NULL ENABLE);
  ALTER TABLE SUPERHEROE MODIFY (COD_HEROE NOT NULL ENABLE);
--------------------------------------------------------
--  Constraints for Table HEROE_VILLANO
--------------------------------------------------------

  ALTER TABLE HEROE_VILLANO ADD CONSTRAINT NEMESIS_PK PRIMARY KEY (COD_HEROE, COD_VILLANO)
  USING INDEX PCTFREE 10 INITRANS 2 MAXTRANS 255 COMPUTE STATISTICS 
  STORAGE(INITIAL 65536 NEXT 1048576 MINEXTENTS 1 MAXEXTENTS 2147483645
  PCTINCREASE 0 FREELISTS 1 FREELIST GROUPS 1 BUFFER_POOL DEFAULT FLASH_CACHE DEFAULT CELL_FLASH_CACHE DEFAULT)
  TABLESPACE "USERS"  ENABLE;
  ALTER TABLE HEROE_VILLANO MODIFY (COD_VILLANO NOT NULL ENABLE);
  ALTER TABLE HEROE_VILLANO MODIFY (COD_HEROE NOT NULL ENABLE);
  ALTER TABLE HEROE_VILLANO MODIFY (ESNEMESIS NOT NULL ENABLE);
--------------------------------------------------------
--  Constraints for Table universo
--------------------------------------------------------

  ALTER TABLE UNIVERSO ADD CONSTRAINT UNIVERSO_PK PRIMARY KEY (COD_UNIVERSO)
  USING INDEX PCTFREE 10 INITRANS 2 MAXTRANS 255 COMPUTE STATISTICS 
  STORAGE(INITIAL 65536 NEXT 1048576 MINEXTENTS 1 MAXEXTENTS 2147483645
  PCTINCREASE 0 FREELISTS 1 FREELIST GROUPS 1 BUFFER_POOL DEFAULT FLASH_CACHE DEFAULT CELL_FLASH_CACHE DEFAULT)
  TABLESPACE "USERS"  ENABLE;
  ALTER TABLE UNIVERSO MODIFY (NOMB_UNIVERSO NOT NULL ENABLE);
  ALTER TABLE UNIVERSO MODIFY (COD_UNIVERSO NOT NULL ENABLE);
--------------------------------------------------------
--  Constraints for Table VILLANO_PODER
--------------------------------------------------------

  ALTER TABLE VILLANO_PODER ADD CONSTRAINT VILLANO_PODER_PK PRIMARY KEY (COD_VILLANO, COD_PODER)
  USING INDEX PCTFREE 10 INITRANS 2 MAXTRANS 255 COMPUTE STATISTICS 
  STORAGE(INITIAL 65536 NEXT 1048576 MINEXTENTS 1 MAXEXTENTS 2147483645
  PCTINCREASE 0 FREELISTS 1 FREELIST GROUPS 1 BUFFER_POOL DEFAULT FLASH_CACHE DEFAULT CELL_FLASH_CACHE DEFAULT)
  TABLESPACE "USERS"  ENABLE;
  ALTER TABLE VILLANO_PODER MODIFY (COD_PODER NOT NULL ENABLE);
  ALTER TABLE VILLANO_PODER MODIFY (COD_VILLANO NOT NULL ENABLE);
--------------------------------------------------------
--  Ref Constraints for Table HEROE_VILLANO
--------------------------------------------------------

  ALTER TABLE HEROE_VILLANO ADD CONSTRAINT NEMESIS_SUPERHEROE_FK FOREIGN KEY (COD_HEROE)
	  REFERENCES SUPERHEROE (COD_HEROE) ENABLE;
  ALTER TABLE HEROE_VILLANO ADD CONSTRAINT NEMESIS_VILLANO_FK FOREIGN KEY (COD_VILLANO)
	  REFERENCES VILLANO (COD_VILLANO) ENABLE;
--------------------------------------------------------
--  Ref Constraints for Table ORIGEN
--------------------------------------------------------

  ALTER TABLE heroe_poder ADD CONSTRAINT heroe_PODER_FK FOREIGN KEY (cod_poder)
	  REFERENCES PODER (COD_PODER) ENABLE;
  ALTER TABLE heroe_poder ADD CONSTRAINT poder_SUPERHEROE_FK FOREIGN KEY (cod_heroe)
	  REFERENCES SUPERHEROE (COD_HEROE) ENABLE;
  ALTER TABLE heroe_poder ADD CONSTRAINT poder_origen_FK FOREIGN KEY (cod_origen)
	  REFERENCES origen (COd_origen) ENABLE;    
--------------------------------------------------------
--  Ref Constraints for Table SUPERHEROE
--------------------------------------------------------

  ALTER TABLE SUPERHEROE ADD CONSTRAINT SUPERHEROE_UNIVERSO_FK FOREIGN KEY (COD_UNIVERSO)
	  REFERENCES UNIVERSO (COD_UNIVERSO) ENABLE;
--------------------------------------------------------
--  Ref Constraints for Table VILLANO
--------------------------------------------------------

  ALTER TABLE VILLANO ADD CONSTRAINT VILLANO_UNIVERSO_FK FOREIGN KEY (COD_UNIVERSO)
	  REFERENCES UNIVERSO (COD_UNIVERSO) ENABLE;
--------------------------------------------------------
--  Ref Constraints for Table VILLANO_PODER
--------------------------------------------------------

  ALTER TABLE VILLANO_PODER ADD CONSTRAINT VILLANO_PODER_PODER_FK FOREIGN KEY (COD_PODER)
	  REFERENCES PODER (COD_PODER) ENABLE;
  ALTER TABLE VILLANO_PODER ADD CONSTRAINT VILLANO_PODER_VILLANO_FK FOREIGN KEY (COD_VILLANO)
	  REFERENCES VILLANO (COD_VILLANO) ENABLE;
--------------------------------------------------------
--  Ref Constraints for Table pelicula
--------------------------------------------------------

  ALTER TABLE pelicula ADD CONSTRAINT pelicula_universo_FK FOREIGN KEY (cod_universo)
	  REFERENCES universo (cod_universo) ENABLE;
--------------------------------------------------------
--  Ref Constraints for Table elenco_heroes
--------------------------------------------------------	  
  ALTER TABLE elenco_heroes ADD CONSTRAINT elenco_heroe_FK FOREIGN KEY (cod_heroe)
	  REFERENCES SUPERHEROE (COD_HEROE) ENABLE;
  ALTER TABLE elenco_heroes ADD CONSTRAINT elenco_pelicula_h_FK FOREIGN KEY (id_pelicula)
	  REFERENCES pelicula (id_pelicula) ENABLE;	  
	  
--------------------------------------------------------
--  Ref Constraints for Table elenco_villanos
--------------------------------------------------------	  
  ALTER TABLE elenco_villanos ADD CONSTRAINT elenco_villano_FK FOREIGN KEY (cod_villano)
	  REFERENCES villano (cod_villano) ENABLE;
  ALTER TABLE elenco_villanos ADD CONSTRAINT elenco_pelicula_v_FK FOREIGN KEY (id_pelicula)
	  REFERENCES pelicula (id_pelicula) ENABLE;	  

ALTER TABLE detalle_pelicula ADD CONSTRAINT detalle_FK_B FOREIGN KEY(id_heroe) 
REFERENCES superheroe(cod_heroe);   
